<application>
  <component name="VimEditorSettings">
    <editor>
      <key-repeat enabled="true" />
    </editor>
  </component>
  <component name="VimHistorySettings">
    <history>
      <history-search />
      <history-cmd>
        <entry>wq</entry>
      </history-cmd>
      <history-expr />
      <history-input />
    </history>
  </component>
  <component name="VimKeySettings">
    <shortcut-conflicts />
  </component>
  <component name="VimMarksSettings">
    <globalmarks />
    <filemarks>
      <file name="$APPLICATION_CONFIG_DIR$/phpstorm.vmoptions" timestamp="1581732587626">
        <mark key="[" line="21" column="8" />
        <mark key="]" line="23" column="4" />
        <mark key="^" line="23" column="4" />
        <mark key="." line="23" column="4" />
      </file>
    </filemarks>
    <jumps />
  </component>
  <component name="VimRegisterSettings">
    <registers>
      <register name=":" type="4">
        <text>wq</text>
      </register>
    </registers>
  </component>
  <component name="VimSearchSettings">
    <search>
      <last-dir>0</last-dir>
      <show-last>false</show-last>
    </search>
  </component>
  <component name="VimSettings">
    <state version="6" enabled="false" />
    <notifications>
      <idea-join enabled="false" />
      <idea-put enabled="false" />
    </notifications>
  </component>
</application>