<application>
  <component name="FileTypeManager" version="17">
    <extensionMap>
      <mapping pattern="*.js.flow" type="Flow" />
      <mapping pattern="*.js.flow" type="Flow" />
      <mapping ext="test" type="PHP" />
      <mapping ext="install" type="PHP" />
      <mapping ext="embed_code" type="PHP" />
      <mapping ext="engine" type="PHP" />
      <mapping ext="profile" type="PHP" />
      <mapping ext="theme" type="PHP" />
      <mapping pattern="nvmrc" type="PLAIN_TEXT" />
      <mapping pattern="/nvmrc" type="PLAIN_TEXT" />
      <mapping pattern=".nvmrc" type="PLAIN_TEXT" />
      <mapping pattern=".htaccess.copy" type="PLAIN_TEXT" />
      <removed_mapping ext="log" approved="true" type="PLAIN_TEXT" />
      <removed_mapping ext="bat" approved="true" type="PLAIN_TEXT" />
      <removed_mapping ext="cmd" approved="true" type="PLAIN_TEXT" />
      <removed_mapping ext="bat" approved="true" type="PLAIN_TEXT" />
      <removed_mapping ext="log" approved="true" type="PLAIN_TEXT" />
      <removed_mapping ext="dockerfile" approved="true" type="textmate" />
      <removed_mapping ext="makefile" approved="true" type="textmate" />
      <removed_mapping ext="cmd" approved="true" type="PLAIN_TEXT" />
      <removed_mapping ext="snakefile" approved="true" type="textmate" />
    </extensionMap>
  </component>
</application>