<application>
  <component name="VimEditorSettings">
    <editor>
      <key-repeat enabled="true" />
    </editor>
  </component>
  <component name="VimHistorySettings">
    <history>
      <history-search />
      <history-cmd>
        <entry>wq</entry>
        <entry>w</entry>
      </history-cmd>
      <history-expr />
      <history-input />
    </history>
  </component>
  <component name="VimKeySettings">
    <shortcut-conflicts />
  </component>
  <component name="VimMarksSettings">
    <globalmarks />
    <filemarks>
      <file name="$USER_HOME$/Programming/videotron/videotron-dxp/docroot/themes/custom/dxp_front/templates/commerce/field--commerce-product--title.html.twig" timestamp="1619185308765">
        <mark key="[" line="42" column="14" />
        <mark key="]" line="42" column="14" />
        <mark key="^" line="39" column="74" />
        <mark key="." line="42" column="14" />
      </file>
      <file name="/PHP Console" timestamp="1619185259180">
        <mark key="[" line="0" column="0" />
      </file>
      <file name="$APPLICATION_CONFIG_DIR$/phpstorm.vmoptions" timestamp="1581732587626">
        <mark key="[" line="21" column="8" />
        <mark key="]" line="23" column="4" />
        <mark key="^" line="23" column="4" />
        <mark key="." line="23" column="4" />
      </file>
      <file name="$USER_HOME$/Programming/videotron-dxp/docroot/themes/custom/dxp_front/gulp-tasks/bifrost-dist-copy.js" timestamp="1618130722890">
        <mark key="[" line="7" column="0" />
        <mark key="]" line="7" column="2" />
        <mark key="^" line="7" column="2" />
        <mark key="." line="7" column="1" />
      </file>
      <file name="$USER_HOME$/Programming/videotron/videotron-dxp/docroot/themes/custom/dxp_front/templates/block/block--mobile-devices-manufacturers-tab.html.twig" timestamp="1628596847489">
        <mark key="[" line="32" column="37" />
        <mark key="]" line="33" column="16" />
        <mark key="^" line="33" column="16" />
        <mark key="." line="33" column="15" />
      </file>
    </filemarks>
    <jumps />
  </component>
  <component name="VimRegisterSettings">
    <registers>
      <register name="&quot;" type="4">
        <text>c</text>
      </register>
      <register name=":" type="4">
        <text>w</text>
      </register>
      <register name="-" type="4">
        <text>c</text>
      </register>
    </registers>
  </component>
  <component name="VimSearchSettings">
    <search>
      <last-dir>0</last-dir>
      <show-last>false</show-last>
    </search>
  </component>
  <component name="VimSettings">
    <state version="6" enabled="false" />
    <notifications>
      <idea-join enabled="false" />
      <idea-put enabled="false" />
    </notifications>
  </component>
</application>